-- =========================================================================
-- CASE STUDY: Swiggy Food Delivery Database Analysis
-- =========================================================================
-- Purpose: Analyze food ordering trends, cuisines performance, and user spent metrics.
-- Demonstration: Joins, aggregation filtering, constraints, and data formatting.
-- =========================================================================

-- 1. DATABASE SCHEMA CREATION (DDL)

CREATE TABLE swiggy_users (
    user_id INT PRIMARY KEY,
    name VARCHAR(100) NOT NULL,
    age INT,
    city VARCHAR(50) NOT NULL
);

CREATE TABLE restaurants (
    rest_id INT PRIMARY KEY,
    name VARCHAR(100) NOT NULL,
    cuisine VARCHAR(50) NOT NULL,
    rating DECIMAL(2, 1) CHECK (rating >= 1.0 AND rating <= 5.0)
);

CREATE TABLE swiggy_orders (
    order_id INT PRIMARY KEY,
    user_id INT,
    rest_id INT,
    amount INT NOT NULL,
    order_date DATE NOT NULL,
    FOREIGN KEY (user_id) REFERENCES swiggy_users(user_id) ON DELETE CASCADE,
    FOREIGN KEY (rest_id) REFERENCES restaurants(rest_id) ON DELETE CASCADE
);


-- 2. POPULATE DUMMY RECORDS (DML)

INSERT INTO swiggy_users (user_id, name, age, city) VALUES 
(1, 'Amit Kumar', 24, 'Bangalore'),
(2, 'Sneha Reddy', 28, 'Hyderabad'),
(3, 'Pooja Sen', 31, 'Delhi'),
(4, 'Vikas Patel', 22, 'Bangalore');

INSERT INTO restaurants (rest_id, name, cuisine, rating) VALUES 
(10, 'Biryani Zone', 'Indian', 4.5),
(20, 'Pasta Bistro', 'Italian', 4.2),
(30, 'Dragon Wok', 'Chinese', 3.8);

INSERT INTO swiggy_orders (order_id, user_id, rest_id, amount, order_date) VALUES 
(501, 1, 10, 450, '2024-06-01'),
(502, 2, 20, 1200, '2024-06-02'),
(503, 3, 10, 350, '2024-06-02'),
(504, 1, 30, 650, '2024-06-03'),
(505, 4, 20, 850, '2024-06-04');


-- 3. ANALYTICAL CASE QUESTIONS & ANSWERS

-- Challenge 1: Calculate total revenue generated by Biryani Zone (rest_id = 10).
-- Expected Output: Sum total of order amounts for that restaurant.
SELECT SUM(amount) AS total_revenue 
FROM swiggy_orders 
WHERE rest_id = 10;

-- Challenge 2: List the names of users from Bangalore who spent more than 500 on a single order.
-- Expected Output: User names meeting the location and amount criteria.
SELECT u.name 
FROM swiggy_users u 
JOIN swiggy_orders o ON u.user_id = o.user_id 
WHERE u.city = 'Bangalore' AND o.amount > 500;

-- Challenge 3: Find the average order value for Italian cuisine restaurants.
-- Expected Output: Average order cost grouped by Italian cuisine.
SELECT AVG(o.amount) AS avg_amount 
FROM swiggy_orders o 
JOIN restaurants r ON o.rest_id = r.rest_id 
WHERE r.cuisine = 'Italian';
